num_frames,valid_pixels,mae_m,rmse_m,abs_rel
3367,2371184,0.13810274004936218,0.2770611345767975,0.11497494578361511
